-- テスト用ユーザーデータ
-- 注意: 実際のユーザーIDは Supabase Auth で作成されたものに変更する必要があります
INSERT INTO "users" ("id", "email", "name", "avatar_url")
VALUES
  ('00000000-0000-0000-0000-000000000001', 'test1@example.com', 'テストユーザー1', NULL),
  ('00000000-0000-0000-0000-000000000002', 'test2@example.com', 'テストユーザー2', NULL),
  ('00000000-0000-0000-0000-000000000003', 'test3@example.com', 'テストユーザー3', NULL);

-- テスト用プロジェクトデータ
INSERT INTO "projects" ("id", "name", "description", "owner_id")
VALUES
  ('10000000-0000-0000-0000-000000000001', 'プロジェクト1', 'テスト用プロジェクト1の説明', '00000000-0000-0000-0000-000000000001'),
  ('10000000-0000-0000-0000-000000000002', 'プロジェクト2', 'テスト用プロジェクト2の説明', '00000000-0000-0000-0000-000000000001');

-- テスト用プロジェクトメンバーデータ
INSERT INTO "project_members" ("project_id", "user_id", "role")
VALUES
  ('10000000-0000-0000-0000-000000000001', '00000000-0000-0000-0000-000000000001', 'owner'),
  ('10000000-0000-0000-0000-000000000001', '00000000-0000-0000-0000-000000000002', 'editor'),
  ('10000000-0000-0000-0000-000000000002', '00000000-0000-0000-0000-000000000001', 'owner'),
  ('10000000-0000-0000-0000-000000000002', '00000000-0000-0000-0000-000000000003', 'viewer');

-- テスト用タスクグループデータ
INSERT INTO "task_groups" ("id", "name", "project_id", "position")
VALUES
  ('20000000-0000-0000-0000-000000000001', '未着手', '10000000-0000-0000-0000-000000000001', 0),
  ('20000000-0000-0000-0000-000000000002', '進行中', '10000000-0000-0000-0000-000000000001', 1),
  ('20000000-0000-0000-0000-000000000003', '完了', '10000000-0000-0000-0000-000000000001', 2),
  ('20000000-0000-0000-0000-000000000004', 'バックログ', '10000000-0000-0000-0000-000000000002', 0),
  ('20000000-0000-0000-0000-000000000005', '開発中', '10000000-0000-0000-0000-000000000002', 1);

-- テスト用タスクデータ
INSERT INTO "tasks" ("id", "title", "description", "status", "priority", "due_date", "task_group_id", "position", "assignee_id", "created_by")
VALUES
  ('30000000-0000-0000-0000-000000000001', 'タスク1', 'タスク1の説明', 'pending', 'high', CURRENT_DATE + INTERVAL '3 days', '20000000-0000-0000-0000-000000000001', 0, '00000000-0000-0000-0000-000000000001', '00000000-0000-0000-0000-000000000001'),
  ('30000000-0000-0000-0000-000000000002', 'タスク2', 'タスク2の説明', 'in_progress', 'medium', CURRENT_DATE + INTERVAL '7 days', '20000000-0000-0000-0000-000000000002', 0, '00000000-0000-0000-0000-000000000002', '00000000-0000-0000-0000-000000000001'),
  ('30000000-0000-0000-0000-000000000003', 'タスク3', 'タスク3の説明', 'completed', 'low', CURRENT_DATE - INTERVAL '1 day', '20000000-0000-0000-0000-000000000003', 0, '00000000-0000-0000-0000-000000000001', '00000000-0000-0000-0000-000000000001'),
  ('30000000-0000-0000-0000-000000000004', 'タスク4', 'タスク4の説明', 'pending', 'high', CURRENT_DATE + INTERVAL '14 days', '20000000-0000-0000-0000-000000000004', 0, '00000000-0000-0000-0000-000000000003', '00000000-0000-0000-0000-000000000001'),
  ('30000000-0000-0000-0000-000000000005', 'タスク5', 'タスク5の説明', 'in_progress', 'medium', CURRENT_DATE + INTERVAL '5 days', '20000000-0000-0000-0000-000000000005', 0, NULL, '00000000-0000-0000-0000-000000000001');

-- テスト用サブタスクデータ
INSERT INTO "subtasks" ("id", "title", "is_completed", "task_id", "position")
VALUES
  ('40000000-0000-0000-0000-000000000001', 'サブタスク1-1', FALSE, '30000000-0000-0000-0000-000000000001', 0),
  ('40000000-0000-0000-0000-000000000002', 'サブタスク1-2', FALSE, '30000000-0000-0000-0000-000000000001', 1),
  ('40000000-0000-0000-0000-000000000003', 'サブタスク2-1', TRUE, '30000000-0000-0000-0000-000000000002', 0),
  ('40000000-0000-0000-0000-000000000004', 'サブタスク3-1', TRUE, '30000000-0000-0000-0000-000000000003', 0),
  ('40000000-0000-0000-0000-000000000005', 'サブタスク3-2', TRUE, '30000000-0000-0000-0000-000000000003', 1),
  ('40000000-0000-0000-0000-000000000006', 'サブタスク3-3', TRUE, '30000000-0000-0000-0000-000000000003', 2);

-- テスト用AIメッセージデータ
INSERT INTO "ai_messages" ("id", "user_id", "content", "is_user", "context")
VALUES
  ('50000000-0000-0000-0000-000000000001', '00000000-0000-0000-0000-000000000001', 'タスク1のサブタスク分解を手伝ってください', TRUE, '{"task_id": "30000000-0000-0000-0000-000000000001"}'),
  ('50000000-0000-0000-0000-000000000002', '00000000-0000-0000-0000-000000000001', 'タスク1を以下のサブタスクに分解することをお勧めします：\n1. 要件分析\n2. 設計\n3. 実装\n4. テスト\n5. デプロイ', FALSE, '{"task_id": "30000000-0000-0000-0000-000000000001"}'),
  ('50000000-0000-0000-0000-000000000003', '00000000-0000-0000-0000-000000000001', 'ありがとうございます！', TRUE, '{"task_id": "30000000-0000-0000-0000-000000000001"}'); 